province Thai,province Eng,Lat,long,Jan,Feb,Mar,Apr,May,Jun,Jul,Aug,Sep,Oct,Nov,Dec
อำนาจเจริญ,Amnat Charoen,15.85274545,104.7030364,0,0,0,0,386862,366796,192727,24702,0,0,0,0
อ่างทอง,Ang Thong,14.61094444,100.3843056,0,0,0,0,132588,67978,28115,32634,68351,22376,0,0
กรุงเทพฯ,Bangkok,13.75785621,100.5558824,0,0,0,0,24534,30719,12757,6229,7618,3406,0,0
บึงกาฬ,Bueng Kan,18.15978846,103.6703269,0,0,0,0,171526,243431,64665,906,0,0,0,0
บุรีรัมย์,Buri Ram,14.89489362,102.9742287,0,0,0,0,1219204,1080221,356106,85573,1144,0,0,0
ฉะเชิงเทรา,Chachoengsao,13.68568478,101.1367174,0,0,0,0,199086,138922,64604,59006,83041,80756,0,0
ชัยนาท,Chai Nat,15.15194231,100.0815577,0,0,0,0,263485,180648,112825,117812,119843,31312,0,0
ชัยภูมิ,Chaiyaphum,15.97104065,101.9395366,0,0,0,0,239232,641438,579480,80862,628,0,0,0
จันทบุรี,Chanthaburi,12.67759036,102.1161687,0,0,0,0,4991,4123,3555,1376,0,0,0,0
เชียงใหม่,Chiang Mai,18.8569697,98.9199899,0,0,0,0,18432,34331,272163,107244,6303,0,0,0
เชียงราย,Chiang Rai,19.88303252,99.92217886,0,0,0,0,132275,333312,615522,111755,15822,0,0,0
ชลบุรี,Chon Buri,13.15463158,101.0628947,0,0,0,0,26746,15790,13050,9732,2770,1922,0,0
ชุมพร,Chumphon,10.3336087,99.18683478,0,0,0,0,0,0,143,1548,845,404,0,0
กาฬสินธุ์,Kalasin,16.58667669,103.6133985,0,0,0,0,372461,771298,232755,65941,0,0,0,0
กำแพงเพชร,Kamphaeng Phet,16.37223377,99.65637662,0,0,0,0,335798,332238,210880,120307,132920,56477,0,0
กาญจนบุรี,Kanchanaburi,14.22504255,99.4401383,0,0,0,0,1033,3176,86566,276312,8609,345,0,0
ขอนแก่น,Khon Kaen,16.35285,102.598805,0,0,0,0,411030,1294428,546678,86023,0,0,0,0
กระบี่,Krabi,8.009243243,98.93368468,0,0,0,0,0,58,482,3128,1203,602,0,0
ลำปาง,Lampang,18.34986458,99.50325,0,0,0,0,4459,34564,271997,117163,2956,0,0,0
ลำพูน,Lamphun,18.36132,98.96236,0,0,0,0,789,19000,77303,20458,0,0,0,0
เลย,Loei,17.41748315,101.6434157,0,0,0,0,12539,80494,292011,28806,0,0,0,0
ลพบุรี,Lop Buri,15.02860833,100.7969417,0,0,0,0,112145,152883,291610,116598,50174,13116,0,0
แม่ฮ่องสอน,Mae Hong Son,18.766,98.06297674,0,0,0,0,9906,44117,94365,19751,0,0,0,0
มหาสารคาม,Maha Sarakham,15.98990226,103.1893308,0,0,0,0,492060,1236668,277338,48143,3543,0,0,0
มุกดาหาร,Mukdahan,16.53405769,104.5682885,0,0,0,0,72063,159231,236072,24761,0,0,0,0
นครนายก,Nakhon Nayok,14.18082927,101.1229756,0,0,0,0,177671,65378,33608,27339,21941,40362,0,0
นครปฐม,Nakhon Pathom,13.87357143,100.1243048,0,0,0,0,133434,80714,37522,38515,10650,8758,0,0
นครพนม,Nakhon Phanom,17.31057447,104.4821915,0,0,0,0,262953,630406,383494,65308,0,0,0,0
นครราชสีมา,Nakhon Ratchasima,15.08644014,102.1976901,0,0,0,0,826022,1440153,1086110,125019,1862,0,0,0
นครสวรรค์,Nakhon Sawan,15.67782946,100.1931783,0,0,0,0,775214,656636,441935,205220,163016,15842,0,0
นครศรีธรรมราช,Nakhon Si Thammarat,8.34487574,99.86193491,36966,16126,0,0,0,5318,12987,24368,28441,47451,18672,9257
น่าน,Nan,18.8794898,100.8094286,0,0,0,0,17207,50976,162704,37312,0,0,0,0
นราธิวาส,Narathiwat,6.234092105,101.7531711,11318,0,0,0,0,0,0,0,0,8340,15951,13748
หนองบัวลำภู,Nong Bua Lam Phu,17.18251724,102.3142586,0,0,0,0,119261,164382,330852,33190,0,0,0,0
หนองคาย,Nong Khai,17.91401639,102.8044262,0,0,0,0,199326,164082,140641,18175,0,0,0,0
นนทบุรี,Nonthaburi,13.88841176,100.4345882,0,0,0,0,45436,19279,9285,2130,8250,3826,0,0
ปทุมธานี,Pathum Thani,14.04674576,100.6253898,0,0,0,0,106656,65157,41933,23874,29870,43694,0,0
ปัตตานี,Pattani,6.756087719,101.3607456,0,0,0,0,0,0,0,361,5691,25952,31082,5850
พังงา,Phang-nga,8.655536232,98.27214493,0,0,0,0,0,0,77,723,1803,45,0,0
พัทลุง,Phatthalung,7.54880303,100.0667121,18886,5692,0,0,0,0,511,12544,35963,43218,12654,2291
พะเยา,Phayao,19.28419403,100.0843134,0,0,0,0,63083,204279,273352,83466,0,0,0,0
เพชรบูรณ์,Phetchabun,16.27352174,101.110113,0,0,0,0,248254,372879,231020,92472,82255,32226,0,0
เพชรบุรี,Phetchaburi,13.04547253,99.88163736,0,0,0,0,3698,21212,94245,130351,31422,10229,0,0
พิจิตร,Phichit,16.25902273,100.3543182,0,0,0,0,456664,641805,205929,115742,86713,55841,0,0
พิษณุโลก,Phitsanulok,16.87664516,100.3781935,0,0,0,0,408951,380283,356362,112335,66595,12645,0,0
อยุธยา,Phra Nakhon Si Ayutthaya,14.37482039,100.5316117,0,0,0,0,453114,176978,81813,23397,13599,7359,0,0
แพร่,Phrae,18.15474026,100.0967013,0,0,0,0,0,60594,125758,106320,565,0,0,0
ภูเก็ต,Phuket,7.887342105,98.36747368,0,0,0,0,0,0,0,46,17,0,0,0
ปราจีนบุรี,Prachin Buri,13.99596825,101.5334444,0,0,0,0,236892,83625,40139,8698,18950,12952,0,0
ประจวบคีรีขันธ์,Prachuap Khiri Khan,11.87997872,99.66968085,0,0,0,0,135,359,2057,4784,1386,299,0,0
ระนอง,Ranong,9.84295,98.57283333,0,0,0,0,0,47,152,281,89,48,0,0
ราชบุรี,Ratchaburi,13.60378641,99.80105825,0,0,0,0,1557,7159,34633,192837,6091,2063,0,0
ระยอง,Rayong,12.77290909,101.4139394,0,0,0,0,1583,2221,3232,3313,684,268,0,0
ร้อยเอ็ด,Roi Et,15.94159686,103.8014241,0,0,0,0,1023987,1531715,475089,41657,2717,0,0,0
สระแก้ว,Sa kaeo,13.72012069,102.3403103,0,0,0,0,125590,445730,126116,19799,733,0,0,0
สกลนคร,Sakon Nakhon,17.40146774,103.8297419,0,0,0,0,597337,844300,612325,67013,0,0,0,0
สมุทรปราการ,Samut Prakarn,13.61855102,100.655449,0,0,0,0,11294,5333,2262,1084,350,0,0,0
สมุทรสาคร,Samut Sakhon,13.58789744,100.2134103,0,0,0,0,628,1352,619,1581,717,325,0,0
สมุทรสงคราม,Samut Songkhram,13.43411429,99.95694286,0,0,0,0,0,0,178,1447,415,0,0,0
สระบุรี,Saraburi,14.55531481,100.8865463,0,0,0,0,52912,57306,112684,58323,28927,13899,0,0
สตูล,Satun,6.695068182,99.72796591,0,0,0,0,0,0,642,3385,10354,5673,0,0
ศรีสะเกษ,Si Sa Ket,14.94141872,104.3277783,0,0,0,0,1829622,860925,273701,36502,0,0,0,0
สิงห์บุรี,Sing Buri,14.88357143,100.3582143,0,0,0,0,153356,75622,22546,21263,35598,16623,0,0
สงขลา,Songkhla,7.117804348,100.5218768,83112,4854,0,0,0,0,448,4107,29485,51280,22920,13898
สุโขทัย,Sukhothai,17.1496,99.79715294,0,0,0,0,344479,253136,206425,108222,110408,12078,0,0
สุพรรณบุรี,Suphan Buri,14.53585185,100.015287,0,0,0,0,534743,225741,155489,112913,120070,89453,0,0
สุราษฎร์ธานี,Surat Thani,9.228121053,99.40556316,0,0,0,0,225,5157,2573,1097,740,301,0,0
สุรินทร์,Surin,14.93708228,103.669962,0,0,0,0,1668835,1090872,237315,12945,0,0,0,0
ตาก,Tak,16.84066102,98.83098305,0,0,0,0,8351,55095,152650,60425,1513,0,0,0
ตรัง,Trang,7.479578947,99.55433333,0,0,0,0,0,0,440,2891,4653,2087,0,0
ตราด,Trat,12.10803774,102.4909057,0,0,0,0,1763,6500,3788,3297,0,0,0,0
อุบลราชธานี,Ubon Ratchathani,15.27789498,105.0215845,0,0,0,0,2212871,1216657,402576,64485,1839,0,0,0
อุดรธานี,Udon Thani,17.40975974,102.883539,0,0,0,0,330643,449752,871362,82695,0,0,0,0
อุทัยธานี,Uthai Thani,15.37220588,99.80179412,0,0,0,0,121776,100407,90197,36198,85356,57931,0,0
อุตรดิตถ์,Uttaradit,17.63522727,100.3226667,0,0,0,0,38382,76174,291924,131839,27968,2438,0,0
ยะลา,Yala,6.389631579,101.2610877,2746,0,0,0,0,0,0,0,0,770,12601,5808
ยโสธร,Yasothon,15.83362821,104.3002051,0,0,0,0,523581,451398,329403,21315,0,0,0,0
