model,run_dir,npz,set,window,horizon,n_features,mae_log1p,rmse_log1p,r2_log1p,smape_log1p,mae_raw,rmse_raw,r2_raw,smape_raw
CNN-LSTM,/home/ai-station/Projects_code/SUT_Rice_Project_2024/BPH_Research/results/out_train_w30_h1_context/cnn_lstm_core,sequences_window30_h1.npz,context,30,1,18,0.6317950487136841,1.1759981481284527,0.500373125076294,1.6274908781051636,23.986196517944336,216.09867357008466,0.0114365816116333,1.7444055080413818
CNN-LSTM,/home/ai-station/Projects_code/SUT_Rice_Project_2024/BPH_Research/results/out_train_w30_h7/cnn_lstm_context,sequences_window30_h7.npz,context,30,7,18,0.6343787908554077,1.1981146883732234,0.4840768575668335,1.6305721998214722,24.89276123046875,219.55972457682216,0.0036551952362060547,1.7476999759674072
CNN-LSTM,/home/ai-station/Projects_code/SUT_Rice_Project_2024/BPH_Research/results/out_train_w30_h7/cnn_lstm_trimmed,sequences_window30_h7.npz,trimmed,30,7,10,0.6525356769561768,1.213782334373349,0.47049522399902344,1.6190024614334106,25.187360763549805,219.2202712883779,0.00673365592956543,1.7356089353561401
CNN-LSTM,/home/ai-station/Projects_code/SUT_Rice_Project_2024/BPH_Research/results/out_train_w30_h7/cnn_lstm_context_quality,sequences_window30_h7.npz,context,30,7,18,0.6572849154472351,1.2349042602835028,0.45190632343292236,1.627682089805603,26.67717170715332,219.94743690254725,0.00013321638107299805,1.7455408573150635
CNN-LSTM,/home/ai-station/Projects_code/SUT_Rice_Project_2024/BPH_Research/results/out_train_w60_h7_context/cnn_lstm_core,sequences_window60_h7.npz,context,60,7,18,0.6667072772979736,1.2426512710162645,0.4631239175796509,1.615314245223999,25.79446029663086,233.62031830515085,0.009183228015899658,1.7286351919174194
Transformer,/home/ai-station/Projects_code/SUT_Rice_Project_2024/BPH_Research/results/out_train_w30_h1_context/transformer_core,sequences_window30_h1.npz,context,30,1,18,0.7419631481170654,1.2797348088240128,0.40833956003189087,1.6201139688491821,25.67193603515625,217.03716919573938,0.0028314590454101562,1.739092469215393
LSTM,/home/ai-station/Projects_code/SUT_Rice_Project_2024/BPH_Research/results/out_train_w60_h7_context/lstm_core,sequences_window60_h7.npz,context,60,7,18,0.7689641714096069,1.3739921604221583,0.3436371088027954,1.6325087547302246,27.508310317993164,233.48554559115647,0.010326147079467773,1.7544583082199097
LSTM,/home/ai-station/Projects_code/SUT_Rice_Project_2024/BPH_Research/results/out_train_w60_h7_full/lstm_core,sequences_window60_h7.npz,full,60,7,36,0.8020306825637817,1.384439061320905,0.33361804485321045,1.6387521028518677,32.03777313232422,234.69609671338804,3.719329833984375e-05,1.7771581411361694
LSTM,/home/ai-station/Projects_code/SUT_Rice_Project_2024/BPH_Research/results/out_train_w30_h1_context/lstm_core,sequences_window30_h1.npz,context,30,1,18,0.8707907795906067,1.4232343107853347,0.26821190118789673,1.7117915153503418,26.584409713745117,217.35138600892336,-5.793571472167969e-05,1.842132806777954
Transformer,/home/ai-station/Projects_code/SUT_Rice_Project_2024/BPH_Research/results/out_train_w60_h7_full/transformer_core,sequences_window60_h7.npz,full,60,7,36,0.8227013945579529,1.4403642232210845,0.27869296073913574,1.6478815078735352,28.39829444885254,234.9054580437628,-0.0017476081848144531,1.7685779333114624
Transformer,/home/ai-station/Projects_code/SUT_Rice_Project_2024/BPH_Research/results/out_train_w60_h7_context/transformer_core,sequences_window60_h7.npz,context,60,7,18,0.8169755339622498,1.4555031789248947,0.2634506821632385,1.6340121030807495,33.3350944519043,236.59406163300042,-0.016201376914978027,1.7576279640197754
LSTM,/home/ai-station/Projects_code/SUT_Rice_Project_2024/BPH_Research/results/out_train/lstm_core,sequences_window30_h1.npz,core,30,1,14,0.9629618525505066,1.4967743841771566,0.19063347578048706,1.7274718284606934,27.50664710998535,218.69612729481517,-0.012470841407775879,1.8644858598709106
LSTM,/home/ai-station/Projects_code/SUT_Rice_Project_2024/BPH_Research/results/out_train_w30_h1/lstm_core,sequences_window30_h1.npz,core,30,1,14,0.9239243865013123,1.5114970673063537,0.17463284730911255,1.736083984375,27.36433982849121,218.59925162840793,-0.011574029922485352,1.8623586893081665
Transformer,/home/ai-station/Projects_code/SUT_Rice_Project_2024/BPH_Research/results/out_train/transformer_core,sequences_window30_h1.npz,core,30,1,14,0.9432225227355957,1.513763070589521,0.1721562147140503,1.7124487161636353,27.604633331298828,218.42087740758666,-0.009923815727233887,1.8507145643234253
CNN-LSTM,/home/ai-station/Projects_code/SUT_Rice_Project_2024/BPH_Research/results/out_train_w60_h7/cnn_lstm_core,sequences_window60_h7.npz,core,60,7,14,0.9711052179336548,1.5148256691320385,0.20218753814697266,1.6732736825942993,29.910608291625977,235.34701772064162,-0.005517125129699707,1.8142870664596558
CNN-LSTM-Weighted,/home/ai-station/Projects_code/SUT_Rice_Project_2024/BPH_Research/results/out_train_w30_h7/cnn_lstm_context_weighted2,sequences_window30_h7.npz,context,30,7,18,0.9673407077789307,1.5152334120320317,0.1748226284980774,1.5769039392471313,32.554630279541016,220.82605039091288,-0.007870912551879883,1.7228655815124512
Transformer,/home/ai-station/Projects_code/SUT_Rice_Project_2024/BPH_Research/results/out_train_w60_h7/transformer_core,sequences_window60_h7.npz,core,60,7,14,0.9819344282150269,1.5233497789999109,0.19318348169326782,1.677593469619751,30.13602066040039,235.63444112385184,-0.007974743843078613,1.8273361921310425
CNN-LSTM,/home/ai-station/Projects_code/SUT_Rice_Project_2024/BPH_Research/results/out_train_w60_h7_full/cnn_lstm_core,sequences_window60_h7.npz,full,60,7,36,0.8435512781143188,1.524797116526252,0.19164961576461792,1.608048439025879,32.92072677612305,234.9502108160365,-0.0021294355392456055,1.7293471097946167
Transformer,/home/ai-station/Projects_code/SUT_Rice_Project_2024/BPH_Research/results/out_train_w30_h1/transformer_core,sequences_window30_h1.npz,core,30,1,14,0.9531357288360596,1.552361132788897,0.12940114736557007,1.7240747213363647,28.020824432373047,218.42156594244534,-0.009930253028869629,1.8563495874404907
CNN-LSTM,/home/ai-station/Projects_code/SUT_Rice_Project_2024/BPH_Research/results/out_train_w30_h1/cnn_lstm_core,sequences_window30_h1.npz,core,30,1,14,0.9290024042129517,1.5556448284523847,0.12571412324905396,1.7425199747085571,27.767927169799805,218.51701878801111,-0.010813117027282715,1.8666883707046509
CNN-LSTM,/home/ai-station/Projects_code/SUT_Rice_Project_2024/BPH_Research/results/out_train_w90_h14/cnn_lstm_core,sequences_window90_h14.npz,core,90,14,14,1.0147329568862915,1.5609151050079932,0.19819939136505127,1.6654815673828125,33.009925842285156,258.62954623843734,-0.008537530899047852,1.8165562152862549
CNN-LSTM,/home/ai-station/Projects_code/SUT_Rice_Project_2024/BPH_Research/results/out_train/cnn_lstm_core,sequences_window30_h1.npz,core,30,1,14,0.9890533685684204,1.576704537956369,0.10188239812850952,1.7074782848358154,29.1324405670166,218.38155578310636,-0.009560227394104004,1.8441523313522339
LSTM,/home/ai-station/Projects_code/SUT_Rice_Project_2024/BPH_Research/results/out_train_w60_h7/lstm_core,sequences_window60_h7.npz,core,60,7,14,1.0146883726119995,1.5769208336397287,0.13543963432312012,1.7196818590164185,30.178544998168945,236.22951300059864,-0.01307225227355957,1.8572362661361694
LSTM,/home/ai-station/Projects_code/SUT_Rice_Project_2024/BPH_Research/results/out_train_w90_h14/lstm_core,sequences_window90_h14.npz,core,90,14,14,1.0608597993850708,1.59466264810396,0.16315412521362305,1.6941425800323486,33.80560302734375,259.3130046391812,-0.013875007629394531,1.8486047983169556
Transformer,/home/ai-station/Projects_code/SUT_Rice_Project_2024/BPH_Research/results/out_train_w90_h14/transformer_core,sequences_window90_h14.npz,core,90,14,14,1.0645451545715332,1.680432673323741,0.07071256637573242,1.6582863330841064,33.52045440673828,258.2940729575497,-0.005922794342041016,1.793054223060608
CNN-LSTM-Weighted,/home/ai-station/Projects_code/SUT_Rice_Project_2024/BPH_Research/results/out_train_w30_h7/cnn_lstm_context_weighted,sequences_window30_h7.npz,context,30,7,18,1.4079939126968384,1.952681956586346,-0.3704122304916382,1.5518923997879028,42.18818664550781,227.43903716160952,-0.06913936138153076,1.697674036026001
